[
    {
        "currency pair": "BTC/RUR",
        "volume(24h)": "18 697 974.76 RUR"
    },
    {
        "currency pair": "ETH/RUR",
        "volume(24h)": "1 849 751.56 RUR"
    },
    {
        "currency pair": "PZM/RUR",
        "volume(24h)": "197 532.85 RUR"
    },
    {
        "currency pair": "USD/RUR",
        "volume(24h)": "171 398.45 RUR"
    },
    {
        "currency pair": "XRP/RUR",
        "volume(24h)": "12 884.66 RUR"
    },
    {
        "currency pair": "EL/RUR",
        "volume(24h)": "9 876.67 RUR"
    },
    {
        "currency pair": "YOC/RUR",
        "volume(24h)": "3 741.98 RUR"
    },
    {
        "currency pair": "MSCN/RUR",
        "volume(24h)": "2 781.00 RUR"
    },
    {
        "currency pair": "KICK/RUR",
        "volume(24h)": "0.00 RUR"
    },
    {
        "currency pair": "ITI/RUR",
        "volume(24h)": "0.00 RUR"
    },
    {
        "currency pair": "LEO/RUR",
        "volume(24h)": "0.00 RUR"
    },
    {
        "currency pair": "SIB/RUR",
        "volume(24h)": "0.00 RUR"
    },
    {
        "currency pair": "BCH/RUR",
        "volume(24h)": "0.00 RUR"
    },
    {
        "currency pair": "HB/RUR",
        "volume(24h)": "0.00 RUR"
    },
    {
        "currency pair": "PIVX/RUR",
        "volume(24h)": "0.00 RUR"
    },
    {
        "currency pair": "THS/RUR",
        "volume(24h)": "0.00 RUR"
    },
    {
        "currency pair": "EMC/RUR",
        "volume(24h)": "0.00 RUR"
    },
    {
        "currency pair": "AMB/RUR",
        "volume(24h)": "0.00 RUR"
    },
    {
        "currency pair": "RLT/RUR",
        "volume(24h)": "0.00 RUR"
    },
    {
        "currency pair": "BIO/RUR",
        "volume(24h)": "0.00 RUR"
    },
    {
        "currency pair": "KRB/RUR",
        "volume(24h)": "0.00 RUR"
    },
    {
        "currency pair": "DGB/RUR",
        "volume(24h)": "0.00 RUR"
    },
    {
        "currency pair": "DIME/RUR",
        "volume(24h)": "383.57 RUR"
    },
    {
        "currency pair": "PUT/RUR",
        "volume(24h)": "0.00 RUR"
    },
    {
        "currency pair": "ARC/RUR",
        "volume(24h)": "0.00 RUR"
    },
    {
        "currency pair": "MNC/RUR",
        "volume(24h)": "0.00 RUR"
    },
    {
        "currency pair": "LKE/RUR",
        "volume(24h)": "0.00 RUR"
    }
]